Communication Round,Accuracy
0,0.028061224
1,0.102200255
2,0.10009566
3,0.1640625
4,0.19515306
5,0.1788903
6,0.21010843
7,0.25095662
