Communication Round,Accuracy
0,0.015465561
1,0.0234375
2,0.021779338
3,0.021045918
4,0.057397958
5,0.04161352
6,0.033960458
7,0.035714284
